Code STIF;Nom de Ligne;Origine;Destination;Accessibilité UFR;Rampe;Annonce sonore prochain arrêt;Annonce visuelle prochain arrêt
1001000240001;24;PANTHEON;ECOLE VETERINAIRE DE MAISONS-ALFORT;1;1;1;1
1001000260001;26;GARE SAINT-LAZARE;NATION - TRONE;1;1;1;1
1001000350001;35;MAIRIE D'AUBERVILLIERS;GARE DE L'EST.;1;1;1;1
1001000380001;38;PORTE DE LA CHAPELLE;PORTE D'ORLEANS;1;1;1;1
1001000400001;40;MAIRIE DU 18E - JULES JOFFRIN;LE PELETIER;1;1;1;1
1001000520001;52;CHARLES DE GAULLE-ETOILE-FRIEDLAND;PORTE D'AUTEUIL;1;1;1;1
1001000670001;67;PALAIS ROYAL - MUSEE DU LOUVRE;STADE CHARLETY-PORTE DE GENTILLY;1;1;1;1
1001000830001;83;FRIEDLAND - HAUSSMANN;PORTE D'IVRY;1;1;1;1
1001001140001;114;CHATEAU DE VINCENNES;VILLEMOMBLE-LES COQUETIERS;1;0;1;0
1001001170001;117;CHAMPIGNY-SAINT MAUR-RER;PREFECTURE DU VAL DE MARNE;1;1;1;0
1001001180001;118;CHATEAU DE VINCENNES;VAN DERHEYDEN;1;0;1;1
1001001220001;122;GALLIENI-METRO;VAL DE FONTENAY-RER;1;1;1;1
1001001230001;123;MAIRIE D'ISSY-METRO;PORTE D'AUTEUIL-METRO;1;0;1;1
1001001280001;128;PORTE D'ORLEANS-METRO;ROBINSON RER;1;1;1;1
1001001500001;150;PORTE DE LA VILLETTE;PIERREFITTE - STAINS RER;1;1;1;1
1001001530001;153;PORTE DE LA CHAPELLE;MOULIN NEUF;1;1;1;1
1001001600001;160;BOULOGNE - PONT DE SAINT-CLOUD;NANTERRE-PREFECTURE RER;1;1;1;0
1001001650001;165;PORTE DE CHAMPERRET;ROBERT LAVERGNE;1;1;1;1
1001001700001;170;(PORTE DES LILAS - SAINT-DENIS RER);SAINT-DENIS RER;1;1;1;1
1001001790001;179;PONT DE SEVRES-METRO;ROBINSON RER;1;1;1;1
1001001800001;180;CHARENTON ECOLES-METRO;LOUIS ARAGON-METRO;1;1;1;1
1001001810001;181;ECOLE VETERINAIRE-METRO;CRETEIL-GAITE RN 19;1;1;1;1
1001001830001;183;PORTE DE CHOISY;AEROPORT D'ORLY-TERMINAL SUD;0;1;1;1
1001001850001;185;PORTE D'ITALIE;MARCHE INTERNATIONAL DE RUNGIS.;1;1;1;1
1001001860001;186;PORTE D'ITALIE-METRO;ROND-POINT ROOSEVELT;1;1;1;1
1001001910001;191;PORTE DE VANVES-METRO;CLAMART-PLACE DU GARDE;1;1;1;0
1001001970001;197;PORTE D'ORLEANS-METRO;MASSY - OPERA-THEATRE;1;0;1;1
1001002030001;203;NEUILLY-PLAISANCE RER;ILE DE FRANCE;1;1;1;0
1001002120001;212;POINTE DE CHAMPS;EMERAINVILLE-PONTAULT-COMBAULT RER;1;0;1;0
1001002210001;221;GALLIENI-METRO;GAGNY-POINTE DE GOURNAY;1;1;1;0
1001002350001;235;GABRIEL PERI-METRO;EUROPE;1;1;1;0
1001002380001;238;PONT DE LEVALLOIS-METRO;SAINT-GRATIEN RER;1;1;1;0
1001002500001;250;FORT D'AUBERVILLIERS-METRO;LA FONTAINE CYPIERRE-ZI;1;0;1;0
1001002510001;251;BOBIGNY-Z.I.BENOIT FRACH;AULNAY SOUS BOIS-RER;0;0;1;0
1001002540001;254;GARE D'ENGHIEN-LES-BAINS;GARE DE SAINT-DENIS RER;1;1;1;1
1001002560001;256;LA COURNEUVE - AUBERVILLIERS RER;GARE D'ENGHIEN-LES-BAINS;1;0;1;1
1001002580001;258;LA DEFENSE-METRO-RER-TRAMWAY;LA JONCHERE;1;0;1;1
1001002610001;261;EGLISE DE FRANCONVILLE;ZAC DE LA BONGARDE;1;1;1;1
1001002620001;262;PONT DE BEZONS;GARE DE MAISONS-LAFFITTE-RER;1;1;1;1
1001002740001;274;SAINT-DENIS RER;VOLTAIRE - VILLIERS;1;1;1;1
1001002750001;275;LA DEFENSE-METRO-RER-TRAMWAY;PONT DE LEVALLOIS-METRO;1;1;1;0
1001002780001;278;LA DEFENSE-METRO-RER-TRAMWAY;LES BRUYERES;1;1;1;0
1001002850001;285;VILLEJUIF - LOUIS ARAGON;JUVISY-RER;0;1;1;1
1001003010001;301;VAL DE FONTENAY-RER;PABLO PICASSO-METRO;1;1;1;1
1001003020001;302;GARE DU NORD;6 ROUTES-TRAMWAY;1;1;1;0
1001003040001;304;ASNIERES-GENNEVILLIERS-LES COURTILLES;NANTERRE-PLACE DE LA BOULE;1;1;1;1
1001003170001;317;HOTEL DE VILLE DE CRETEIL;NOGENT-LE-PERREUX RER;1;0;1;1
1001003230001;323;ISSY-VAL DE SEINE-RER-TRAMWAY;IVRY-SUR-SEINE GAMBETTA;1;1;1;1
1001003340001;334;CIRCULAIRE PAVILLON SOUS BOIS;ROND POINT-ROBERT SCHUMAN;0;0;0;0
1001003370001;337;GARE DE PIERREFITTE - STAINS RER;ZONE ARTISANALE DU MOUTIER;0;0;0;0
1001003470001;347;PONT DE BONDY - AVENUE DE ROSNY;HOPITAL DE MONTFERMEIL;1;1;1;0
1001003510001;351;NATION;ROISSYPOLE;1;1;1;0
1001003520001;ROISSYB;OPERA;AEROPORT CDG (T3-ROISSYPOLE);0;0;1;1
1001003550001;355;LYCEE DE LA TOURELLE;CIRCULAIRE;1;0;0;1
1001003800001;380;VACHE NOIRE - CENTRE COMMERCIAL;VILLEJUIF - LOUIS ARAGON;1;0;1;1
1001003850001;385;GARE D'EPINAY-SUR-ORGE RER;JUVISY RER;0;0;1;0
1001003890001;389;HOTEL DE VILLE DE BOULOGNE-BILLANCOURT;CLAMART - GEORGES POMPIDOU;1;1;1;0
1001004850001;485;DELALANDE PASTEUR;NOYER RENARD;1;1;1;0
1001004870001;487;JUVISY RER;PORTE DE L'ESSONNE;1;1;1;0
1001004880001;488;JUVISY RER;PLACE HENRI DEUDON;1;1;1;0
1001005120001;512;MAIRIE D'AUVERVILLIERS;FRONT POPULAIRE-GARDINOUX;1;1;1;0
1001000250001;25;BIBLIOTHEQUE FRANCOIS MITTERRAND;DURAS;1;1;1;1
1001005130001;513;LA TRAVERSE BIEVRES MONTSOURIS;PLACE DE L'ABBE GEORGES HENOCQUE;1;1;1;0
1001000290001;29;GARE SAINT-LAZARE;PORTE DE MONTEMPOIVRE;1;1;1;1
1001003300001;330;FORT D'AUBERVILLIERS-METRO;R. QUENEAU-METRO-ANATOLE FRANCE;1;1;0;0
1001000300001;30;PIGALLE;HOPITAL EUROPEEN GEORGES POMPIDOU;1;1;1;1
1001005410001;541;ECOLE DES SPORTS-ILE DE PUTEAUX;CIMETIERE NOUVEAU-CONSERVATOIRE-PRESSENCE;1;1;1;0
1001000430001;43;GARE DU NORD;HIPPODROME DE LONGCHAMP;1;1;1;1
1001005800001;580;LAPLACE RER;LOUIS ARAGON-METRO;0;1;1;0
1001000460001;46;GARE DU NORD;CHATEAU DE VINCENNES;1;1;1;1
1001005840001;V5;SERVICE URBAIN DE GENTILLY;GABRIEL PERI - SOLEIL LEVANT;1;1;0;0
1001000600001;60;GAMBETTA - JAPON;PORTE DE MONTMARTRE;1;1;1;1
1001005860001;COLOMBE;SERVICE URBAIN;CENTRE VILLE - NELSON MANDELA.;0;1;0;0
1001000630001;63;GARE DE LYON;PORTE DE LA MUETTE;1;1;1;1
1001007760001;N02;GARE MONTPARNASSE;GARE MONTPARNASSE.;1;1;1;0
1001000660001;66;OPERA;MAIRIE DE SAINT-OUEN;1;1;1;1
1001120170001;T7;VILLEJUIF - LOUIS ARAGON;PORTE DE L'ESSONNE;1;0;1;1
1001000690001;69;GAMBETTA;CHAMPS DE MARS;1;1;1;1
1001102000001;OrlyVal;ANTONY;ORLY 4;1;0;1;0
1001000700001;70;HOTEL DE VILLE;SURESNES - DE GAULLE;1;1;1;1
1001110010001;RER A;SAINT-GERMAIN-EN-LAYE • POISSY • CERGY;BOISSY-SAINT-LÉGER • MARNE-LA-VALLÉE;1;0;1;1
1001000820001;82;LUXEMBOURG;HOPITAL AMERICAIN;1;1;1;1
1001000850001;85;LUXEMBOURG;MAIRIE DE SAINT-OUEN;1;1;1;1
1001000910001;91;MONTPARNASSE 2 - GARE TGV;BASTILLE;1;1;1;1
1001000940001;94;GARE MONTPARNASSE;LOUISON BOBET;1;1;1;1
1001001030001;103;ECOLE VETERINAIRE DE MAISONS-ALFORT;RUNGIS-MARCHE INTERNATIONAL;1;1;1;1
1001001050001;105;PORTE DES LILAS-METRO;MAIRIE DES PAVILLONS SOUS BOIS;1;1;1;1
1001001200001;120;NOGENT SUR MARNE-RER;NOISY-LE-GRAND - MONT D'EST RER;0;0;1;0
1001001210001;121;MAIRIE DE MONTREUIL;LYCEE GEORGES CLEMENCEAU;1;1;1;1
1001001310001;131;PORTE D'ITALIE-METRO;RUNGIS - LA FRATERNELLE RER;1;0;1;0
1001001430001;143;LA COURNEUVE - AUBERVILLIERS RER;ROSNY-SOUS-BOIS RER;1;1;1;1
1001001480001;148;PABLO PICASSO-METRO-TRAMWAY;MUSEE DE L'AIR ET DE L'ESPACE;1;1;1;1
1001001510001;151;PORTE DE PANTIN;JOUHAUX - BLUM;1;0;1;0
1001001570001;157;PONT DE NEUILLY-METRO;BOULEVARD DE LA SEINE;1;1;1;1
1001001590001;159;LA DEFENSE-METRO-RER-TRAMWAY;CITE DU VIEUX PONT;1;1;1;0
1001001620001;162;LOUIS ARAGON-METRO;GARE DE MEUDON-VAL FLEURY RER;1;1;1;0
1001001670001;167;AUDRA;PONT DE LEVALLOIS-METRO;1;1;1;0
1001001770001;177;GABRIEL PERI-METRO;ZONE INDUSTRIELLE NORD;1;1;1;1
1001001900001;190;MAIRIE D'ISSY-METRO;EGLISE DE MEUDON LA FORET;1;1;1;0
1001001930001;193;MAIRIE DE L'HAY-LES-ROSES;ARCUEIL LENINE;1;1;1;1
1001001960001;196;MASSY-PALAISEAU RER;ANTONY RER;1;1;1;0
1001001990001;199;MASSY-PALAISEAU-RER;LA ROCADE-LYCEE;1;1;1;0
1001002070001;207;NOISY LE GRAND MONT D'EST-RER;HOPITAL DE LA QUEUE EN BRIE;1;1;1;0
1001002130001;213;GARE DE CHELLES-GOURNAY-RER;LE VILLAGE;0;1;1;0
1001002160001;216;MARCHE INTERNATIONAL DE RUNGIS;DENFERT-ROCHEREAU-METRO-RER;0;1;1;0
1001002170001;217;RER DE VITRY-SUR-SEINE;HOTEL DE VILLE DE CRETEIL;1;1;1;1
1001002340001;234;FORT D'AUBERVILLIERS-METRO;MAIRIE DE LIVRY-GARGAN;1;1;1;0
1001002470001;247;STADE CHARLES SAGE;AULNAY SOUS BOIS-GARONOR;1;1;1;0
1001002520001;252;PORTE DE LA CHAPELLE-METRO;GARGES LES GONESSE-RER;1;1;1;0
1001002530001;253;STADE DE FRANCE-SAINT DENIS RER;MAIRIE DE STAINS;1;1;1;1
1001002600001;260;SUZANNE LEGLEN;BOULOGNE - GAMBETTA;1;1;1;1
1001002910001;291;PONT DE SEVRES-METRO;EUROPE SUD;1;1;1;1
1001003030001;303;NOISY LE GRAND MONT D'EST-RER;BOBIGNY-PABLO PICASSO;1;1;1;1
1001003180001;318;CHATEAU DE VINCENNES;RAYMOND QUENEAU -METRO;1;1;1;1
1001003190001;319;MASSY-PALAISEAU RER;RUNGIS-MARCHE INTERNATIONAL;1;0;1;0
1001003210001;321;LOGNES RER;TORCY RER;1;1;1;0
1001003930001;393;CARREFOUR DE LA RESISTANCE;SUCY-BONNEUIL RER;1;1;1;0
1001004210001;421;GARE DE VAIRES-TORCY;GARE D'EMERAINVILLE-PONTAULT COMBAULT;1;1;1;0
1001005190001;519;TRAVERSE NEY - FLANDRE;PORTE D'AUBERVILLIERS - OBERLE;1;1;1;0
1001005280001;528;PORTE DE CLICHY;GARE SAINT-LAZARE;0;1;0;0
1001005370001;537;DEBAIN;PAYRET;0;0;1;0
1001005380001;538;CENTRE DE VIE;ASNIERES - GENNEVILLIERS - LES COURTILLES;0;0;1;0
1001005590001;559;CHEMIN DE L'ILE;CIMETIERE DU MONT VALERIEN;1;1;1;0
1001005770001;577;GENNEVILLIERS RER;GABRIEL PERI-METRO;1;0;1;0
1001007610001;N61;HDV DE VELIZY-VILLACOUBLAY;GARE MONTPARNASSE;1;1;1;0
1001007620001;N62;ROBINSON RER;GARE MONTPARNASSE;1;0;1;1
1001007700001;N53;NANTERRE - UNIVERSITE RER;GARE SAINT-LAZARE;1;1;1;1
1001007730001;N35;NOGENT-LE-PERREUX RER;GARE DE LYON - DIDEROT;0;0;1;0
1001007810001;N16;MAIRIE DE MONTREUIL ROUGET;PONT DE LEVALLOIS-METRO;1;1;1;1
1001007830001;N14;MAIRIE DE SAINT-OUEN;MAIRIE DE SAINT-OUEN;0;0;1;0
1001120030001;T3B;PORTE DE VINCENNES;PORTE D'ASNIERES - MARGUERITE LONG;1;0;1;0
1001120180001;T8;EPINAY - ORGEMONT- VILLETANEUSE-UNIVERSITE;SAINT-DENIS - PORTE DE PARIS;1;0;1;1
1001100020001;2;PORTE DAUPHINE;NATION;0;0;0;0
1001100080001;8;BALARD;CRÉTEIL - PRÉFECTURE;0;0;0;0
1001100100001;10;BOULOGNE - PONT DE SAINT-CLOUD;GARE D'AUSTERLITZ;0;0;0;0
1001100140001;14;SAINT-LAZARE;BIBLIOTHÈQUE FRANÇOIS MITTERRAND;1;0;1;0
1001000220001;22;GARE SAINT LAZARE;PORTE DE SAINT-CLOUD;1;1;1;1
1001000420001;42;GARE SAINT-LAZARE;BOULOGNE - ILE SEGUIN;1;1;1;1
1001000480001;48;PORTE DES LILAS;GARE DU NORD;1;1;1;1
1001000540001;54;PORTE D'AUBERVILLIERS;GABRIEL PERI-METRO;1;1;1;1
1001000560001;56;PORTE DE CLIGNANCOURT;CHATEAU DE VINCENNES;1;1;1;1
1001000570001;57;PORTE DE BAGNOLET - LOUIS GANNE;LAPLACE RER;1;1;1;1
1001000590001;59;PLACE D'ITALIE;GARE DE CLAMART;1;1;1;1
1001000610001;61;PLACE D'ITALIE;EGLISE DE PANTIN-METRO;1;1;1;1
1001000680001;68;PLACE DE CLICHY;CHATILLON METRO;1;1;1;1
1001000760001;76;LOUVRE - RIVOLI;BAGNOLET-LOUISE MICHEL;1;1;1;1
1001000860001;86;SAINT-GERMAIN-DES-PRES;SAINT-MANDE - DEMI LUNE;1;1;1;1
1001000870001;87;CHAMP DE MARS;PORTE DE REUILLY;1;1;1;1
1001000880001;88;MONTSOURIS-TOMBE ISSOIRE;HOPITAL EUROPEEN GEORGES POMPIDOU;1;1;1;1
1001000930001;93;INVALIDES;SURESNES-DE GAULLE;1;1;1;1
1001000950001;95;PORTE DE VANVES;PORTE DE MONTMARTRE;1;1;1;1
1001001020001;102;GAMBETTA;BOIS-PERRIER-RER - ROSNY 2;1;1;1;0
1001001070001;107;ECOLE VETERINAIRE DE MAISONS-ALFORT;LA PIE-ST MAUR;0;0;1;0
1001001110001;111;TERROIRS DE FRANCE;CHAMPIGNY-SAINT-MAUR RER;1;1;1;0
1001001130001;113;NOGENT-SUR-MARNE RER;TERRE CIEL;0;1;1;1
1001001150001;115;PORTE DES LILAS-METRO;CHATEAU DE VINCENNES;1;1;1;1
1001001290001;129;PORTE DES LILAS-METRO;MAIRIE DE MONTREUIL-METRO;1;1;1;1
1001001410001;141;LA DEFENSE-METRO-RER-TRAMWAY;LYCEE DE RUEIL;1;1;1;0
1001001580001;158;PONT DE NEUILLY-METRO;RUEIL-MALMAISON RER;1;1;1;1
1001001640001;164;PORTE DE CHAMPERRET;COLLEGE CLAUDE MONET;1;1;1;1
1001001660001;166;PORTE DE CLIGNANCOURT;ZAC DES LOUVRESSES;1;1;1;1
1001001680001;168;SAINT-DENIS UNIVERSITE;SARCELLES CHANTEPIE;1;1;1;1
1001001710001;171;PONT DE SEVRES-METRO;CHATEAU DE VERSAILLES;1;1;1;1
1001001740001;174;LA DEFENSE-METRO-RER-TRAMWAY;SAINT-OUEN RER;1;1;1;1
1001001780001;178;LA DEFENSE-METRO-RER-TRAMWAY;GENNEVILLIERS RER;1;1;1;1
1001001840001;184;PORTE D'ITALIE-METRO;PASTEUR;1;1;1;0
1001001870001;187;PORTE D'ORLEANS - METRO;CHARCOT - ZOLA;1;0;1;1
1001001890001;189;GEORGES POMPIDOU;PORTE DE SAINT-CLOUD-METRO;1;1;1;1
1001002080001;208S;CHAMPIGNY - SAINT-MAUR RER;CHAMPIGNY - SAINT-MAUR RER;1;1;1;1
1001002100001;210;CHATEAU DE VINCENNES;VILLIERS - LE PLESSIS-TREVISE RER;1;1;1;0
1001002110001;211;VAIRES/MARNE-GARE DE VAIRES TORCY;TERRE CIEL;1;1;1;0
1001002200001;220;BRY SUR MARNE-RER;TORCY RER;1;0;1;0
1001002370001;237;MAIRIE DE SAINT-OUEN;PARC DEPARTEMENTAL - COLLEGE SISLEY;1;0;1;1
1001002390001;239;PORTE D'AUBERVILLIERS;MEDIATHEQUE;1;1;1;0
1001002860001;286;VILLEJUIF - LOUIS ARAGON;ANTONY RER;1;1;1;1
1001002900001;290;ISSY - VAL DE SEINE;ZONE INDUSTRIELLE (PASTEUR);1;0;1;0
1001003080001;308;PREFECTURE VAL DE MARNE;VILLIERS SUR MARNE-LE PLESSIS-TREVI;1;1;1;1
1001003410001;341;PORTE DE CLIGNANCOURT - CROISSET;CHARLES DE GAULLE - ETOILE;1;1;1;1
1001003460001;346;ROSNY BOIS PERRIER RER-ROSNY 2;PLACE DE LA LIBERATION-BLANC MESNIL;1;1;1;0
1001003490001;349;PARC DES EXPOSITIONS;ROUTE DE L'ARPENTEUR-ADP;1;0;1;0
1001003600001;360;LA DEFENSE-METRO-RER-TRAMWAY;HOPITAL DE GARCHES;1;1;1;1
1001003680001;368;PLACE DU SOUVENIR FRANCAIS;GARGES - SARCELLES RER;1;1;1;1
1001003720001;372;MAISONS ALFORT-ALFORTVILLE-RER;MAISONS ALFORT-LOUIS FLICHE;0;1;0;0
1001003780001;378;NANTERRE-VILLE RER;LES COURTILLES;1;1;1;1
1001003910001;391;CHATILLON MONTROUGE METRO;PONT ROYAL-RER;1;1;1;0
1001004260001;426;HOTEL DE VILLE DE BOULOGNE-BILLANCOURT;GARE DE LA CELLE SAINT-CLOUD;1;0;0;0
1001004800001;480;NOYER RENARD.;DELALANDE PASTEUR;0;0;1;0
1001004860001;486;JUVISY RER;PORTE DE L'ESSONNE;1;1;1;0
1001005200001;520;BRY-SUR-MARNE RER;LES HAUTS DE BRY-VILLIERS SUR MARNE;0;1;0;0
1001005450001;545;LOUISE MICHEL;NOISY LE SEC RER;1;1;0;0
1001005640001;564;COLLEGE LA MALMAISON;COLLEGE LA MALMAISON.;1;1;0;0
1001005650001;565;MAIRIE DE RUEIL;EGLISE DE BUZENVAL;1;1;0;0
1001005870001;NAVETTE Thiais;FERME DE GRIGNON;LA GALAISE;1;1;1;1
1001005930001;V6;SERVICE URBAIN DU KREMLIN BICETRE;LECLERC - THOMAS;1;1;0;0
1001005970001;597;CIMETIERE INTERCOMMUNAL;HOTEL DE VILLE DE MALAKOFF;1;1;1;0
1001007520001;N52;GARE D'ARGENTEUIL;GARE SAINT-LAZARE.;1;1;1;0
1001007560001;N23;CHELLES - GOURNAY RER;CHATELET;0;0;1;0
1001007680001;N22;MARCHE INTERNATIONAL DE RUNGIS;CHATELET;0;0;1;0
1001007840001;N13;BOBIGNY - PABLO PICASSO;MAIRIE D'ISSY-METRO;0;0;1;0
1001007850001;N12;CARNOT;PONT DE SEVRES-METRO;0;0;1;0
1001120130001;T3A;PONT DU GARIGLIANO;PORTE DE VINCENNES;1;0;1;0
1001100030001;3;PONT DE LEVALLOIS - BÉCON;GALLIENI;0;0;1;1
1001101030001;3Bis;GAMBETTA;PORTE DES LILAS;0;0;0;0
1001100050001;5;BOBIGNY - PABLO PICASSO;PLACE D'ITALIE;0;0;0;0
1001100070001;7;LA COURNEUVE - 8 MAI 1945;VILLEJUIF - LOUIS ARAGON • MAIRIE D'IVRY;0;0;0;0
1001101070001;7 Bis;LOUIS BLANC;PRÉ SAINT-GERVAIS;0;0;0;0
1001100090001;9;PONT DE SÈVRES;MAIRIE DE MONTREUIL;0;0;0;0
1001101000001;Funiculaire;GARE BASSE;GARE HAUTE;1;0;0;0
1001000140001;TVM;LA CROIX DE BERNY-RER;SAINT-MAUR - CRETEIL RER;1;1;1;1
1001000210001;21;PORTE DE SAINT-OUEN - HOPITAL BICHAT;STADE CHARLETY - PORTE DE GENTILLY;1;1;1;1
1001000390001;39;GARE DU NORD;FRERES VOISIN;1;1;1;1
1001000580001;58;VANVES-LYCEE MICHELET;CHATELET;1;1;1;1
1001000620001;62;PORTE DE FRANCE;PORTE DE SAINT-CLOUD;1;1;1;1
1001000640001;64;GAMBETTA - MAIRIE DU 20E;PLACE D'ITALIE;1;1;1;1
1001000730001;73;MUSEE D'ORSAY;LA GARENNE-COLOMBES - CHARLEBOURG;1;1;1;1
1001000770001;77;GARE DE LYON;JOINVILLE-LE-PONT RER;1;1;1;1
1001000840001;84;PLACE DU PANTHEON;ALSACE;1;1;1;1
1001000920001;92;GARE MONTPARNASSE;PORTE DE CHAMPERRET;1;1;1;1
1001000960001;96;GARE MONTPARNASSE;PORTE DES LILAS;1;1;1;1
1001001040001;104;ECOLE VETERINAIRE DE MAISONS-ALFORT;SUCY-BONNEUIL RER;1;1;1;1
1001001080001;108;JOINVILLE LE PONT-RER;CHAMPIGNY SUR MARNE-JEANNE VACHER;1;1;1;1
1001001100001;110;JOINVILLE LE PONT-RER;GARE DE VILLIERS SUR MARNE;1;1;1;1
1001001120001;112;CHATEAU DE VINCENNES;LA VARENNE-CHENNEVIERES RER;1;1;1;1
1001001190001;119;LES BACONNETS-RER;ABBAYE CIMETIERE;1;0;1;0
1001001250001;125;PORTE D'ORLEANS-METRO;ECOLE VETERINAIRE DE MAISON-ALFORT;1;1;1;1
1001001260001;126;PORTE D'ORLEANS-METRO;PARC DE SAINT CLOUD;1;1;1;1
1001001320001;132;BIBLIOTHEQUE FRANCOIS MITTERRAND;CITE DU MOULIN VERT;1;1;1;0
1001001330001;133;SARCELLES-BOIS D'ECOUEN;LE BOURGET-RER;1;1;1;1
1001001340001;134;FORT D'AUBERVILLIERS-METRO;JOUHAUX-BLUM;1;1;1;0
1001001370001;137;PORTE DE CLIGNANCOURT - CROISSET;ZONE INDUSTRIELLE NORD;1;1;1;0
1001001450001;145;EGLISE DE PANTIN-METRO;CIMETIERE DE VILLEMOMBLE;1;1;1;1
1001001460001;146;LE BOURGET-RER;LES BOSQUETS;1;0;1;0
1001001470001;147;EGLISE DE PANTIN-METRO;SEVRAN-AVENUE RONSARD;1;1;1;1
1001001520001;152;PORTE DE LA VILLETTE-METRO;ZAC DES TULIPES NORD;1;1;1;1
1001001630001;163;PONT CARDINET - BATIGNOLLES;NANTERRE-PREFECTURE RER;1;1;1;1
1001001730001;173;PORTE DE CLICHY-METRO;FORT D'AUBERVILLIERS;0;1;1;1
1001001880001;188;PORTE D'ORLEANS - METRO;ROSENBERG;1;1;1;1
1001002010001;201;JOINVILLE LE PONT-RER;CHAMPIGNY-DIDEROT LA PLAGE;1;1;1;0
1001002080001;208A;PLACE DE LA RESISTANCE;CHAMPIGNY - SAINT-MAUR RER;1;1;1;1
1001002150001;215;GARE D'AUSTERLITZ;VINCENNES RER-REPUBLIQUE;1;1;0;0
1001002440001;244;PORTE MAILLOT - METRO - RER;RUEIL-MALMAISON RER;1;1;1;1
1001002480001;248;DRANCY RER;FORT D'AUBERVILLIERS-METRO;1;0;1;0
1001002490001;249;PORTE DES LILAS-METRO;DUGNY-CENTRE VILLE;1;1;1;1
1001002550001;255;PORTE DE CLIGNANCOURT;ROND-POINT DE LA LUTECE;1;1;1;1
1001002590001;259;SAINT-GERMAIN-EN-LAYE RER;NANTERRE-ANATOLE FRANCE;1;1;1;1
1001002630001;263;PLACE DE LA BOULE - GAMBETTA.;PLACE DE LA BOULE - GAMBETTA.;1;1;1;1
1001002680001;268;SAINT DENIS-PORTE DE PARIS;VILLIERS LE BEL - ARNOUVILLE RER;1;0;1;1
1001002690001;269;GARGES-SARCELLES RER;HOTEL DE VILLE D'ATTAINVILLE;0;0;1;1
1001002700001;270;GARGES - SARCELLES RER;VILLIERS LE BEL - ARNOUVILLE RER;1;0;1;0
1001002720001;272;GARE D'ARGENTEUIL;GARE DE SARTROUVILLE-RER;1;1;1;1
1001002830001;ORLYBUS;DENFERT-ROCHEREAU-METRO-RER;AEROPORT D'ORLY 4;1;1;1;1
1001002890001;289;PORTE DE SAINT-CLOUD-METRO;CLAMART - POMPIDOU;1;1;1;1
1001002920001;292;MARCHE INTERNATIONAL DE RUNGIS;ZAC LES GATINES - CAP JEAN D'HERS;0;0;1;0
1001002940001;294;CHATILLON-MONTROUGE-METRO;IGNY RER;0;1;1;0
1001002970001;297;ANTONY RER;PLACE CHARLES STEBER;1;1;1;0
1001002990001;299;PORTE D'ORLEANS-METRO;PLACE LUCIEN BOILEAU;1;1;1;0
1001003200001;320;NOISY LE GRAND MONT D'EST;NOISY LE GRAND MONT D'EST;1;1;1;0
1001003220001;322;MAIRIE DE MONTREUIL;BOBIGNY-PABLO PICASSO;1;1;1;0
1001003250001;325;BIBLIOTHEQUE FRANCOIS MITTERRAND;CHATEAU DE VINCENNES;0;1;1;1
1001003400001;340;HOPITAL BEAUJON;GABRIEL PERI-METRO;1;1;1;0
1001003560001;356;SAINT-DENIS - UNIVERSITE;MARCHE DES MORTEFONTAINES;0;0;1;1
1001000200001;20;LOUISON BOBET;PORTE DES LILAS;1;1;1;1
1001003610001;361;SAINT-DENIS - UNIVERSITE;GARE D'ARGENTEUIL;1;1;1;1
1001000270001;27;GARE SAINT-LAZARE;PORTE D'IVRY;1;1;1;1
1001003660001;366;LOUISE MICHEL;PISCINE - PATINOIRE;1;1;0;0
1001000280001;28;GARE MONTPARNASSE;GARE SAINT-LAZARE;1;1;1;1
1001003700001;370;MARCHE DE SAINT-BRICE;VILLIERS LE BEL - ARNOUVILLE RER;1;0;1;0
1001000310001;31;GARE DE L'EST;CHARLES DE GAULLE ETOILE;1;1;1;1
1001003900001;390;HOTEL DE VILLE DE VELIZY-VILLACOUBL;BOURG-LA-REINE RER;1;0;1;1
1001000320001;32;GARE DE L'EST;PORTE D'AUTEUIL;1;1;1;1
1001004670001;467;PONT DE SEVRES-METRO;RUEIL-MALMAISON RER;1;1;1;0
1001000450001;45;FRANCE-ASIE;CONCORDE;1;1;1;1
1001004710001;471;LES COTEAUX-TRAMWAY;GARE DE VERSAILLES - RIVE DROITE;1;0;0;0
1001000470001;47;CHATELET;FORT DU KREMLIN-BICETRE;1;1;1;1
1001005010001;501;LA TRAVERSE DE CHARONNE;GAMBETTA;1;1;1;0
1001000710001;71;PORTE DE LA VILLETTE;BIBLIOTHEQUE FRANCOIS MITTERRAND;1;1;1;1
1001005150001;TILLBUS;PLACE DU VEL'D'HIV';PLACE DU VEL'D'HIV';0;1;0;0
1001000720001;72;HOTEL DE VILLE DE PARIS;PARC DE SAINT CLOUD;1;1;1;1
1001005180001;518;TRAVERSE BATIGNOLLES - BICHAT;HOPITAL BICHAT;1;1;1;0
1001000740001;74;HOTEL DE VILLE DE PARIS;CLICHY - BERGES DE SEINE;1;1;1;1
1001005260001;MONTBUS;CIRCULAIRE CHATILLON;CHATILLON METRO;1;1;0;0
1001000750001;75;PONT NEUF;PORTE DE PANTIN;1;1;1;1
1001005480001;548;COLLEGE LIBERTE;ESCADRILLE NORMANDIE;0;0;0;0
1001000800001;80;PORTE DE VERSAILLES;MAIRIE DU 18E - JULES JOFFRIN;1;1;1;1
1001005560001;556;ZONE ARTISANALE DU MOUTIER;AUBEPINES;0;0;0;0
1001000890001;89;PORTE DE FRANCE;GARE DE VANVES-MALAKOFF;1;1;1;1
1001005690001;TIM;SERVICE URBAIN;GARE DE BELLEVUE;1;0;1;0
1001000980001;98;PT DU GARIGLIANO - HOP G. POMPIDOU;PORTE D'ASNIERES - MARGUERITE LONG;1;1;1;1
1001005710001;SUBB;HOTEL DE VILLE DE BOULOGNE;PONT DE BILLANCOURT;1;1;1;0
1001001010001;101;JOINVILLE LE PONT-RER;CHAMPIGNY SUR MARNE-CAMPING;1;1;1;0
1001005740001;TUC;RUE MARTRE - MAIRIE DE CLICHY;RUE MARTRE - MAIRIE DE CLICHY.;1;1;1;0
1001001060001;106;JOINVILLLE LE PONT-RER;GARE DE VILLIERS SUR MARNE;1;1;1;0
1001005790001;579;GARE DE CLAMART;MAISON DE QUARTIER - ANDRE CHARRE;0;1;0;0
1001001090001;109;LIBERTE-CHANZY;TERROIRS DE FRANCE;1;1;0;0
1001005830001;V2;PASTEUR;RUE PAUL HOCHART;1;1;0;0
1001001160001;116;BOIS-PERRIER RER - ROSNY 2;CHAMPIGNY - SAINT MAUR RER;1;1;1;0
1001005850001;V7;VILLEJUIF-LOUIS ARAGON;LES DAHLIAS;1;1;0;0
1001001240001;124;CHATEAU DE VINCENNES;VAL DE FONTENAY-RER;1;1;1;0
1001005940001;594;DIVISION LECLERC.;SU CIRCULAIRE FONTENAY;0;0;0;0
1001001270001;127;CROIX DE CHAVAUX-METRO;PLACE DE LA RESISTANCE;1;1;1;0
1001007540001;N44;PIERREFITTE - STAINS RER;GARE DE L'EST;1;1;1;0
1001001380001;138;PORTE DE CLICHY-METRO;ERMONT-EAUBONNE RER-SNCF;1;1;1;1
1001007590001;N31;JUVISY-RER;GARE DE LYON;0;0;1;0
1001001390001;139;PORTE DE LA VILLETTE;SAINT-OUEN RER;1;1;1;1
1001007650001;N45;HOPITAL DE MONTFERMEIL;GARE DE L'EST;0;0;1;0
1001001400001;140;GABRIEL PERI-METRO;GARE D'ARGENTEUIL;1;1;1;1
1001007690001;N63;MASSY-PALAISEAU RER;GARE MONTPARNASSE;1;1;1;0
1001001440001;144;LA DEFENSE-METRO-RER-TRAMWAY;RUEIL-MALMAISON RER;1;1;1;0
1001007710001;N71;SAINT-MAUR-DES-FOSSES RER;MARCHE INTERNATIONAL DE RUNGIS;1;1;1;0
1001001690001;169;HOPITAL EUROPEEN GEORGES POMPIDOU;PONT DE SEVRES-METRO;1;1;1;1
1001007750001;N01;GARE DE L'EST;GARE DE L'EST.;1;1;1;0
1001001720001;172;BOURG-LA-REINE RER;L'ECHAT-PARKING;1;1;1;1
1001007900001;N122;SAINT-REMY-LES-CHEVREUSE RER;CHATELET;0;0;1;0
1001001750001;175;PORTE DE SAINT-CLOUD;GABRIEL PERI-METRO;1;1;1;0
1001007910001;N153;SAINT-GERMAIN-EN-LAYE RER;GARE SAINT-LAZARE;1;1;1;0
1001001760001;176;PONT DE NEUILLY-METRO;PETIT GENNEVILLIERS;1;1;1;0
1001120120001;T2;LA DÉFENSE;ISSY - VAL DE SEINE;1;0;1;0
1001001820001;182;MAIRIE D'IVRY-METRO;VILLENEUVE-TRIAGE RER;1;1;1;0
1001120150001;T5;MARCHE DE SAINT-DENIS;GARGES-SARCELLES RER;1;0;1;1
1001001920001;192;ROBINSON RER;MARCHE INTERNATIONAL DE RUNGIS;1;0;1;0
1001100010001;1;CHÂTEAU DE VINCENNES;LA DÉFENSE;0;0;1;1
1001001940001;194;PORTE D'ORLEANS-METRO;LYCEE POLYVALENT;1;1;1;1
1001100060001;6;CHARLES DE GAULLE - ÉTOILE;NATION;0;0;0;0
1001001950001;195;CHATILLON - MONTROUGE-METRO;ROBINSON RER;1;1;1;1
1001100120001;12;PORTE DE LA CHAPELLE;MAIRIE D'ISSY;0;0;0;0
1001002060001;206;NOISY LE GRAND MONT D'EST-RER;EMERAINVILLE-PONTAULT COMBAULT-SNCF;1;1;1;1
1001002080001;208B;PLACE DE VERDUN;CHAMPIGNY - SAINT-MAUR RER;1;1;1;1
1001002140001;214;NEUILLY-PLAISANCE RER;GAGNY-ROGER SALENGRO;1;1;1;0
1001002410001;241;PORTE D'AUTEUIL-METRO;RUEIL-MALMAISON RER;1;1;1;1
1001002760001;276;ASNIERES-GENNEVILLIERS-LES COURTILLES;LA DEFENSE-METRO-RER-TRAMWAY;1;1;1;0
1001002810001;281;JOINVILLE-LE-PONT RER;CRETEIL-EUROPARC;1;1;1;0
1001003060001;306;SAINT MAUR-CRETEIL-RER;NOISY LE GRAND-MONT D'EST-RER;1;1;1;0
1001003100001;310;LES YVRIS - NOISY-LE-GRAND RER;NOISY - CHAMPS RER;1;1;1;0
1001003120001;312;CIRCULAIRE NOISY CHAMPS-RER;CIRCULAIRE NOISY CHAMPS-RER;1;0;1;0
1001003500001;350;GARE DE L'EST;ROISSYPOLE;1;1;1;0
1001003530001;353;SAINT-DENIS ZAC DU LANDY NORD;SAINT-DENIS UNIVERSITE;1;0;0;1
1001003670001;367;PONT DE BEZONS;RUEIL-MALMAISON RER;1;1;1;0
1001003790001;379;VELIZY 2;LA CROIX DE BERNY RER;1;0;1;1
1001003880001;388;CHATILLON MONTROUGE-METRO;BOURG LA REINE-RER;1;1;1;0
1001003940001;394;ISSY-VAL DE SEINE RER-TRAMWAY;BOURG-LA-REINE RER;1;1;1;0
1001003950001;395;REAUMUR - DESCARTES;ANTONY RER;1;1;1;1
1001003960001;396;LA CROIX DE BERNY RER;BELLE EPINE SUD;1;0;1;0
1001003990001;399;MASSY-PALAISEAU RER;JUVISY RER;1;1;1;1
1001004590001;459;GARE DE SAINT-CLOUD;HENRI REGNAULT;1;1;0;0
1001004920001;492;PLACE DE LA LIBERATION;SAVIGNY-SUR-ORGE - CARNOT - RER;0;0;1;0
1001005240001;524;LES PARAPLUIES-VAL DE FONTENAY;VAL DE FONTENAY-RER;1;1;0;0
1001005420001;V1;LECLERC-THOMAS;MAIRIE DE L'HAY-LES-ROSES;1;1;0;0
1001005460001;TUB;BONDY;LA MARE A LA VEUVE;0;0;0;0
1001005620001;V4;CIRCULAIRE;HOTEL DE VILLE - CENTRE;1;1;0;0
1001005660001;566;RUE DE L'INDUSTRIE;RUE DE L'INDUSTRIE.;0;0;0;0
1001005720001;572;SEVRES-VILLE D'AVRAY - GARE SNCF RIVE DROITE;MONASTERE;1;0;0;0
1001005730001;573;MARCHE - MAIRIE;MARCHE - MAIRIE;1;0;0;0
1001005810001;V3;SU CACHAN;CENTRE VILLE;1;1;0;0
1001005820001;CHOISYB;SERV URBAIN DE CHOISY LE ROI;CIRCULAIRE;0;1;0;0
1001005890001;TUVIM;CIRCUITS GRAND ISSY ET CENTRE;MAIRIE D'ISSY-METRO;1;1;1;0
1001005920001;AMIBUS;CHATILLON MONTROUGE;MAIRIE DE CHATILLON;1;1;0;0
1001005950001;595;LA BOURSIDIERE;ROBINSON RER;1;0;1;0
1001007510001;N24;GRAND CERF;CHATELET;1;1;1;0
1009877530001;N51;GARE D'ENGHIEN-LES-BAINS;GARE SAINT-LAZARE.;1;0;1;0
1001007550001;N42;GARONOR;GARE DE L'EST;0;0;1;0
1001007570001;N34;TORCY RER;GARE DE LYON;1;0;1;0
1001007580001;N33;VILLIERS - LE PLESSIS-TREVISE RER;GARE DE LYON;0;0;1;0
1001007600001;N21;PLACE DE LA LIBERATION;CHATELET;0;0;1;0
1001007630001;N32;BOISSY-SAINT-LEGER RER;GARE DE LYON;0;0;1;0
1001007660001;N43;GARE DE SARCELLES-SAINT-BRICE;GARE DE L'EST;0;0;1;0
1001007720001;N41;SEVRAN - LIVRY-RER;GARE DE L'EST;0;0;1;0
1001007800001;N11;CHATEAU DE VINCENNES;PONT DE NEUILLY-METRO;1;1;1;1
1001007820001;N15;GABRIEL PERI-METRO;VILLEJUIF-LOUIS ARAGON;0;0;1;0
1001120110001;T1;QUATRE ROUTES;NOISY-LE-SEC RER;1;0;1;0
1001100040001;4;PORTE DE CLIGNANCOURT;PORTE D'ORLÉANS;0;0;0;0
1001100110001;11;CHÂTELET;MAIRIE DES LILAS;0;0;0;0
1001100130001;13;SAINT-DENIS - UNIVERSITÉ • ASNIÈRES - GENNEVILLIERS - LES COURTILLES;CHÂTILLON - MONTROUGE;0;0;0;0
1001110020001;RER B;AÉROPORT CHARLES DE GAULLE • MITRY - CLAYE;ROBINSON • ANTONY • SAINT-RÉMY-LÈS-CHEVREUSE;1;0;1;1
