,Rang,Réseau,Station,Trafic,Correspondance_1,Correspondance_2,Correspondance_3,Correspondance_4,Correspondance_5,Ville,Arrondissement pour Paris,NB_CORR
0,1,Métro,SAINT-LAZARE,26904975,3,9,12,13.0,14.0,Paris,8.0,5
1,2,Métro,GARE DU NORD,25381876,4,5,0,0.0,0.0,Paris,10.0,2
2,8,Métro,LES HALLES,8019633,4,0,0,0.0,0.0,Paris,1.0,1
3,10,Métro,BASTILLE,6084635,1,5,8,0.0,0.0,Paris,12.0,3
4,28,Métro,VILLEJUIF-LOUIS ARAGON,4029467,7,0,0,0.0,0.0,Villejuif,0.0,1
5,37,Métro,PLACE CLICHY,3643247,2,13,0,0.0,0.0,Paris,17.0,2
6,44,Métro,LA MOTTE-PICQUET-GRENELLE,3428458,6,8,10,0.0,0.0,Paris,15.0,3
7,46,Métro,STALINGRAD,3336898,2,5,7,0.0,0.0,Paris,19.0,3
8,50,Métro,CHAUSSEE D'ANTIN-LA FAYETTE,3299036,7,9,0,0.0,0.0,Paris,9.0,2
9,57,Métro,GALLIENI,2893664,3,0,0,0.0,0.0,Bagnolet,0.0,1
10,62,Métro,CRETEIL-PREFECTURE,2778189,8,0,0,0.0,0.0,Créteil,0.0,1
11,64,Métro,REAUMUR-SEBASTOPOL,2718817,3,4,0,0.0,0.0,Paris,3.0,2
12,78,Métro,GRANDS BOULEVARDS,2608284,8,9,0,0.0,0.0,Paris,9.0,2
13,81,Métro,VOLTAIRE,2572383,9,0,0,0.0,0.0,Paris,11.0,1
14,93,Métro,PORTE DE MONTREUIL,2383093,9,0,0,0.0,0.0,Paris,20.0,1
15,100,Métro,ROBESPIERRE,2281953,9,0,0,0.0,0.0,Montreuil,0.0,1
16,101,Métro,BONNE NOUVELLE,2254643,8,9,0,0.0,0.0,Paris,10.0,2
17,104,Métro,VILLIERS,2244643,2,3,0,0.0,0.0,Paris,17.0,2
18,106,Métro,PEREIRE,2221107,3,0,0,0.0,0.0,Paris,17.0,1
19,107,Métro,ALESIA,2204961,4,0,0,0.0,0.0,Paris,14.0,1
20,114,Métro,BERAULT,2112213,1,0,0,0.0,0.0,Vincennes,0.0,1
21,121,Métro,BOULOGNE-JEAN JAURES,2016202,10,0,0,0.0,0.0,Boulogne Billancourt,0.0,1
22,128,Métro,ECOLE MILITAIRE,1863016,8,0,0,0.0,0.0,Paris,7.0,1
23,140,Métro,CHAMPS-ELYSEES-CLEMENCEAU,1735350,1,13,0,0.0,0.0,Paris,8.0,2
24,143,Métro,BOBIGNY-PANTIN-RAYMOND QUENEAU,1726493,5,0,0,0.0,0.0,Pantin,0.0,1
25,148,Métro,GARIBALDI,1697555,13,0,0,0.0,0.0,Saint Ouen,0.0,1
26,150,Métro,CRETEIL-POINTE DU LAC,1684557,8,0,0,0.0,0.0,Créteil,0.0,1
27,153,Métro,SAINT-PLACIDE,1673383,4,0,0,0.0,0.0,Paris,6.0,1
28,155,Métro,CHARENTON-ECOLES,1654160,8,0,0,0.0,0.0,Charenton,0.0,1
29,160,Métro,ARGENTINE,1603575,1,0,0,0.0,0.0,Paris,17.0,1
30,164,Métro,SIMPLON,1576778,4,0,0,0.0,0.0,Paris,18.0,1
31,167,Métro,CAMBRONNE,1567953,6,0,0,0.0,0.0,Paris,15.0,1
32,169,Métro,CENSIER-DAUBENTON,1557698,7,0,0,0.0,0.0,Paris,6.0,1
33,170,Métro,ALMA-MARCEAU,1547789,9,0,0,0.0,0.0,Paris,8.0,1
34,184,Métro,QUAI DE LA GARE,1410543,6,0,0,0.0,0.0,Paris,13.0,1
35,189,Métro,VILLEJUIF-PAUL VAILLANT-COUTURIER,1382850,7,0,0,0.0,0.0,Villejuif,0.0,1
36,191,Métro,PYRENEES,1364625,11,0,0,0.0,0.0,Paris,20.0,1
37,194,Métro,JAVEL-ANDRE CITROEN,1331833,10,0,0,0.0,0.0,Paris,15.0,1
38,206,Métro,RANELAGH,1234203,9,0,0,0.0,0.0,Paris,16.0,1
39,211,Métro,JACQUES BONSERGENT,1216884,5,0,0,0.0,0.0,Paris,10.0,1
40,216,Métro,LE PELETIER,1203233,7,0,0,0.0,0.0,Paris,9.0,1
41,217,Métro,DUGOMMIER,1200589,6,0,0,0.0,0.0,Paris,12.0,1
42,221,Métro,GUY MOQUET,1191891,13,0,0,0.0,0.0,Paris,17.0,1
43,225,Métro,COURCELLES,1168779,2,0,0,0.0,0.0,Paris,17.0,1
44,229,Métro,MALESHERBES,1133574,3,0,0,0.0,0.0,Paris,17.0,1
45,232,Métro,VOLONTAIRES,1111705,12,0,0,0.0,0.0,Paris,15.0,1
46,239,Métro,JASMIN,1017366,9,0,0,0.0,0.0,Paris,16.0,1
47,249,Métro,BOISSIERE,925034,6,0,0,0.0,0.0,Paris,16.0,1
48,253,Métro,MAUBERT-MUTUALITE,913919,10,0,0,0.0,0.0,Paris,5.0,1
49,259,Métro,RASPAIL,867633,4,6,0,0.0,0.0,Paris,14.0,2
50,262,Métro,CLUNY LA SORBONNE,842980,10,0,0,0.0,0.0,Paris,5.0,1
51,263,Métro,MABILLON,839743,10,0,0,0.0,0.0,Paris,6.0,1
52,277,Métro,TEMPLE,731355,3,0,0,0.0,0.0,Paris,2.0,1
53,282,Métro,CAMPO-FORMIO,664119,5,0,0,0.0,0.0,Paris,13.0,1
54,286,Métro,VARENNE,559530,13,0,0,0.0,0.0,Paris,7.0,1
55,293,Métro,FALGUIERE,479988,12,0,0,0.0,0.0,Paris,15.0,1
56,304,Métro,EGLISE D'AUTEUIL,95182,10,0,0,0.0,0.0,Paris,16.0,1
57,305,Métro,CLICHY SAINT-OUEN,75809,14,0,0,0.0,0.0,Saint-ouen,0.0,1
58,1,RER,GARE DU NORD-RER,25134283,B,0,0,0.0,0.0,Paris,10.0,1
59,2,RER,GARE DE LYON-RER,21749596,A,0,0,0.0,0.0,Paris,12.0,1
60,5,RER,NANTERRE-PREFECTURE,13379344,A,0,0,0.0,0.0,Nanterre,0.0,1
61,9,RER,VINCENNES,4480985,A,0,0,0.0,0.0,Vincennes,0.0,1
62,16,RER,LUXEMBOURG,2916819,B,0,0,0.0,0.0,Paris,5.0,1
63,17,RER,VAL D'EUROPE,2816459,A,0,0,0.0,0.0,Serris,0.0,1
64,21,RER,NATION-RER,2636667,A,0,0,0.0,0.0,Paris,12.0,1
65,31,RER,LAPLACE,1943309,B,0,0,0.0,0.0,Arcueil,0.0,1
66,33,RER,BUSSY-SAINT-GEORGES,1897477,A,0,0,0.0,0.0,Bussy-Saint-Georges,0.0,1
67,37,RER,BOISSY-SAINT-LEGER,1791386,A,0,0,0.0,0.0,Boissy-Saint-Léger,0.0,1
68,41,RER,BRY-SUR-MARNE,1458444,A,0,0,0.0,0.0,Bry-sur-Marne,0.0,1
69,43,RER,BAGNEUX,1323158,B,0,0,0.0,0.0,Cachan,0.0,1
70,55,RER,SAINT-REMY-LES-CHEVREUSE,446253,B,0,0,0.0,0.0,St-Rémy-Lès-Chevreuse,0.0,1
71,59,RER,LOZERE,371808,B,0,0,0.0,0.0,Palaiseau,0.0,1
72,66,RER,LA HACQUINIERE,213256,B,0,0,0.0,0.0,Bures sur Yvette,0.0,1
73,4,Métro,MONTPARNASSE-BIENVENUE,13783944,4,6,12,13.0,0.0,Paris,14.0,4
74,14,Métro,PLACE D'ITALIE,5031748,5,6,7,0.0,0.0,Paris,13.0,3
75,17,Métro,PORTE DE VINCENNES,4840436,1,0,0,0.0,0.0,Paris,12.0,1
76,19,Métro,CHATEAU ROUGE,4761367,4,0,0,0.0,0.0,Paris,18.0,1
77,23,Métro,GARE D'AUSTERLITZ,4638836,5,10,0,0.0,0.0,Paris,13.0,2
78,24,Métro,ESPLANADE DE LA DEFENSE,4488878,1,0,0,0.0,0.0,Puteaux,0.0,1
79,25,Métro,MADELEINE,4297547,8,12,14,0.0,0.0,Paris,8.0,3
80,32,Métro,PORTE MAILLOT,3784418,1,0,0,0.0,0.0,Paris,16.0,1
81,51,Métro,BERCY,3189247,6,14,0,0.0,0.0,Paris,12.0,2
82,56,Métro,LES SABLONS,2965575,1,0,0,0.0,0.0,Neuilly Sur Seine,0.0,1
83,67,Métro,CONVENTION,2674415,12,0,0,0.0,0.0,Paris,15.0,1
84,71,Métro,BALARD,2643639,8,0,0,0.0,0.0,Paris,15.0,1
85,85,Métro,SAINT-MICHEL,2481981,4,0,0,0.0,0.0,Paris,5.0,1
86,87,Métro,PORTE DE VANVES,2460078,13,0,0,0.0,0.0,Paris,14.0,1
87,90,Métro,SEVRES-BABYLONE,2441636,10,12,0,0.0,0.0,Paris,7.0,2
88,92,Métro,PONT DE LEVALLOIS-BECON,2404120,3,0,0,0.0,0.0,Levallois-Perret,0.0,1
89,98,Métro,FORT D'AUBERVILLIERS,2328764,7,0,0,0.0,0.0,Aubervilliers,0.0,1
90,99,Métro,RICHELIEU-DROUOT,2313492,8,9,0,0.0,0.0,Paris,9.0,2
91,108,Métro,CHARLES MICHELS,2198392,10,0,0,0.0,0.0,Paris,15.0,1
92,110,Métro,GLACIERE,2184910,6,0,0,0.0,0.0,Paris,13.0,1
93,111,Métro,MENILMONTANT,2171543,2,0,0,0.0,0.0,Paris,11.0,1
94,112,Métro,EGLISE DE PANTIN,2139986,5,0,0,0.0,0.0,Pantin,0.0,1
95,113,Métro,LA MUETTE,2114924,9,0,0,0.0,0.0,Paris,16.0,1
96,117,Métro,CHATEAU D'EAU,2069680,4,0,0,0.0,0.0,Paris,10.0,1
97,122,Métro,VICTOR HUGO,1991304,2,0,0,0.0,0.0,Paris,16.0,1
98,127,Métro,JUSSIEU,1891986,7,10,0,0.0,0.0,Paris,5.0,2
99,129,Métro,ALEXANDRE DUMAS,1849785,2,0,0,0.0,0.0,Paris,11.0,1
100,135,Métro,ECOLE VETERINAIRE DE MAISONS-ALFORT,1808155,8,0,0,0.0,0.0,Maisons -Alfort,0.0,1
101,138,Métro,CORENTIN CELTON,1774654,12,0,0,0.0,0.0,Issy Les Moulineaux,0.0,1
102,141,Métro,BOUCICAUT,1734347,8,0,0,0.0,0.0,Paris,15.0,1
103,149,Métro,POISSONNIERE,1686977,7,0,0,0.0,0.0,Paris,10.0,1
104,156,Métro,LEDRU-ROLLIN,1636428,8,0,0,0.0,0.0,Paris,12.0,1
105,158,Métro,PLACE DES FETES,1620143,7bis,11,0,0.0,0.0,Paris,19.0,2
106,166,Métro,FAIDHERBE-CHALIGNY,1570746,8,0,0,0.0,0.0,Paris,12.0,1
107,173,Métro,BILLANCOURT,1525990,9,0,0,0.0,0.0,Boulogne Billancourt,0.0,1
108,174,Métro,FRONT POPULAIRE,1525242,12,0,0,0.0,0.0,Saint Denis / Aubervilliers,0.0,1
109,175,Métro,VILLEJUIF-LEO LAGRANGE,1500000,7,0,0,0.0,0.0,Villejuif,0.0,1
110,178,Métro,TOLBIAC,1496862,7,0,0,0.0,0.0,Paris,13.0,1
111,179,Métro,PORTE DAUPHINE,1460742,2,0,0,0.0,0.0,Paris,16.0,1
112,181,Métro,ROME,1435310,2,0,0,0.0,0.0,Paris,17.0,1
113,182,Métro,PORTE DOREE,1428784,8,0,0,0.0,0.0,Paris,12.0,1
114,192,Métro,NATIONALE,1360198,6,0,0,0.0,0.0,Paris,13.0,1
115,198,Métro,MARAICHERS,1316167,9,0,0,0.0,0.0,Paris,20.0,1
116,203,Métro,ETIENNE MARCEL,1254829,4,0,0,0.0,0.0,Paris,1.0,1
117,205,Métro,TUILERIES,1239066,1,0,0,0.0,0.0,Paris,1.0,1
118,207,Métro,WAGRAM,1231276,3,0,0,0.0,0.0,Paris,17.0,1
119,209,Métro,LOUIS BLANC,1226441,7,7bis,0,0.0,0.0,Paris,10.0,2
120,210,Métro,RIQUET,1226397,7,0,0,0.0,0.0,Paris,19.0,1
121,214,Métro,GAITE,1205958,13,0,0,0.0,0.0,Paris,14.0,1
122,219,Métro,LIBERTE,1195690,8,0,0,0.0,0.0,Charenton,0.0,1
123,222,Métro,MICHEL-ANGE-MOLITOR,1180095,9,10,0,0.0,0.0,Paris,16.0,2
124,224,Métro,BEL AIR,1168869,6,0,0,0.0,0.0,Paris,12.0,1
125,235,Métro,PORTE D'IVRY,1055770,7,0,0,0.0,0.0,Paris,13.0,1
126,237,Métro,MALAKOFF-RUE ETIENNE DOLET,1054998,13,0,0,0.0,0.0,Malakoff,0.0,1
127,242,Métro,CHATEAU-LANDON,1009087,7,0,0,0.0,0.0,Paris,10.0,1
128,244,Métro,NOTRE-DAME-DES-CHAMPS,996587,12,0,0,0.0,0.0,Paris,6.0,1
129,248,Métro,PHILIPPE AUGUSTE,925913,2,0,0,0.0,0.0,Paris,11.0,1
130,252,Métro,RUE DU BAC,916367,12,0,0,0.0,0.0,Paris,7.0,1
131,254,Métro,MICHEL BIZOT,910938,8,0,0,0.0,0.0,Paris,12.0,1
132,261,Métro,FUNICULAIRE,843984,2,0,0,0.0,0.0,Paris,18.0,1
133,268,Métro,SEGUR,804110,10,0,0,0.0,0.0,Paris,15.0,1
134,271,Métro,FELIX FAURE,776924,8,0,0,0.0,0.0,Paris,15.0,1
135,278,Métro,MIRABEAU,724167,10,0,0,0.0,0.0,Paris,16.0,1
136,279,Métro,PONT MARIE,721712,7,0,0,0.0,0.0,Paris,4.0,1
137,283,Métro,PORTE DE CHOISY,647656,7,0,0,0.0,0.0,Paris,13.0,1
138,288,Métro,VANEAU,524526,10,0,0,0.0,0.0,Paris,7.0,1
139,291,Métro,BOTZARIS,511339,7bis,0,0,0.0,0.0,Paris,19.0,1
140,292,Métro,RENNES,506779,12,0,0,0.0,0.0,Paris,6.0,1
141,6,Métro,BIBLIOTHEQUE,10002396,14,0,0,0.0,0.0,Paris,13.0,1
142,299,Métro,PORTE D'AUTEUIL,262784,10,0,0,0.0,0.0,Paris,16.0,1
143,11,Métro,CHATELET,6030558,1,4,7,11.0,14.0,Paris,1.0,5
144,301,Métro,PRE-SAINT-GERVAIS,226935,7bis,0,0,0.0,0.0,Paris,19.0,1
145,15,Métro,PORTE DE CLIGNANCOURT,4902116,4,0,0,0.0,0.0,Paris,18.0,1
146,12,RER,CITE UNIVERSITAIRE,3853590,B,0,0,0.0,0.0,Paris,14.0,1
147,16,Métro,NATION,4860619,1,2,6,9.0,0.0,Paris,12.0,4
148,25,RER,NANTERRE-VILLE,2318006,A,0,0,0.0,0.0,Nanterre,0.0,1
149,22,Métro,FRANKLIN D. ROOSEVELT,4691237,1,9,0,0.0,0.0,Paris,8.0,2
150,28,RER,MARNE-LA-VALLEE-CHESSY,2192200,A,0,0,0.0,0.0,Montévrain,0.0,1
151,26,Métro,STRASBOURG-SAINT-DENIS,4275630,4,8,9,0.0,0.0,Paris,2.0,3
152,44,RER,GENTILLY,1248514,B,0,0,0.0,0.0,Gentilly,0.0,1
153,31,Métro,LA CHAPELLE,3825879,2,0,0,0.0,0.0,Paris,9.0,1
154,48,RER,ROBINSON,1160290,B,0,0,0.0,0.0,Sceaux,0.0,1
155,33,Métro,CHATILLON-MONTROUGE,3738453,13,0,0,0.0,0.0,Chatillon,0.0,1
156,51,RER,LOGNES,944270,A,0,0,0.0,0.0,Lognes,0.0,1
157,40,Métro,BARBES-ROCHECHOUART,3530780,2,4,0,0.0,0.0,Paris,18.0,2
158,61,RER,BURES-SUR-YVETTE,333714,B,0,0,0.0,0.0,Bures sur Yvette,0.0,1
159,41,Métro,OPERA,3519216,3,7,8,0.0,0.0,Paris,9.0,3
160,45,Métro,SAINT-PAUL,3357660,1,0,0,0.0,0.0,Paris,4.0,1
161,53,Métro,CHARLES DE GAULLE-ETOILE,3152200,1,2,6,0.0,0.0,Paris,8.0,3
162,60,Métro,CROIX DE CHAVAUX,2839164,9,0,0,0.0,0.0,Montreuil,0.0,1
163,65,Métro,CRIMEE,2688758,7,0,0,0.0,0.0,Paris,19.0,1
164,68,Métro,GABRIEL PERI,2667469,13,0,0,0.0,0.0,Asnières,0.0,1
165,73,Métro,PASTEUR,2625552,6,12,0,0.0,0.0,Paris,9.0,2
166,74,Métro,MIROMESNIL,2618473,9,13,0,0.0,0.0,Paris,8.0,2
167,75,Métro,CONCORDE,2617251,1,8,12,0.0,0.0,Paris,8.0,3
168,76,Métro,BASILIQUE DE SAINT-DENIS,2616421,13,0,0,0.0,0.0,Saint Denis,0.0,1
169,79,Métro,PLAISANCE,2590236,13,0,0,0.0,0.0,Paris,14.0,1
170,86,Métro,OBERKAMPF,2462989,5,9,0,0.0,0.0,Paris,11.0,2
171,95,Métro,MAIRIE DE SAINT-OUEN,2373142,13,14,0,0.0,0.0,Saint Ouen,0.0,2
172,97,Métro,PORTE DE PANTIN,2336476,5,0,0,0.0,0.0,Paris,19.0,1
173,115,Métro,LAUMIERE,2107812,5,0,0,0.0,0.0,Paris,19.0,1
174,118,Métro,OURCQ,2064168,5,0,0,0.0,0.0,Paris,19.0,1
175,119,Métro,PORTE DE SAINT-OUEN,2060676,13,0,0,0.0,0.0,Paris,17.0,1
176,120,Métro,PORTE DES LILAS,2021179,3bis,11,0,0.0,0.0,Paris,20.0,2
177,125,Métro,CRETEIL-UNIVERSITE,1935234,8,0,0,0.0,0.0,Créteil,0.0,1
178,130,Métro,ARTS ET METIERS,1844332,3,11,0,0.0,0.0,Paris,3.0,2
179,131,Métro,DUPLEIX,1839499,6,0,0,0.0,0.0,Paris,15.0,1
180,136,Métro,JULES JOFFRIN,1806947,12,0,0,0.0,0.0,Paris,18.0,1
181,137,Métro,MAIRIE D'IVRY,1800848,7,0,0,0.0,0.0,Ivry,0.0,1
182,142,Métro,LES GOBELINS,1733427,7,0,0,0.0,0.0,Paris,13.0,1
183,145,Métro,VAUGIRARD,1709593,12,0,0,0.0,0.0,Paris,15.0,1
184,147,Métro,RUE DE LA POMPE,1700312,9,0,0,0.0,0.0,Paris,16.0,1
185,152,Métro,BLANCHE,1680852,2,0,0,0.0,0.0,Paris,9.0,1
186,154,Métro,ANATOLE FRANCE,1668656,3,0,0,0.0,0.0,Levallois-Perret,0.0,1
187,159,Métro,COMMERCE,1616379,8,0,0,0.0,0.0,Paris,15.0,1
188,161,Métro,SENTIER,1601006,3,0,0,0.0,0.0,Paris,3.0,1
189,162,Métro,BOULOGNE-PONT DE SAINT-CLOUD,1588193,10,0,0,0.0,0.0,Boulogne Billancourt,0.0,1
190,172,Métro,MARX DORMOY,1544166,12,0,0,0.0,0.0,Paris,18.0,1
191,177,Métro,LA FOURCHE,1499508,13,0,0,0.0,0.0,Paris,8.0,1
192,180,Métro,PORTE D'ITALIE,1458709,7,0,0,0.0,0.0,Paris,13.0,1
193,183,Métro,BOURSE,1417882,3,0,0,0.0,0.0,Paris,2.0,1
194,196,Métro,CORENTIN CARIOU,1329810,7,0,0,0.0,0.0,Paris,19.0,1
195,218,Métro,SAINT-SULPICE,1196573,4,0,0,0.0,0.0,Paris,6.0,1
196,220,Métro,TELEGRAPHE,1194040,11,0,0,0.0,0.0,Paris,20.0,1
197,227,Métro,RICHARD LENOIR,1148587,5,0,0,0.0,0.0,Paris,11.0,1
198,230,Métro,MICHEL-ANGE-AUTEUIL,1131814,9,10,0,0.0,0.0,Paris,16.0,2
199,231,Métro,LOURMEL,1120497,8,0,0,0.0,0.0,Paris,15.0,1
200,234,Métro,BUZENVAL,1080500,9,0,0,0.0,0.0,Paris,20.0,1
201,238,Métro,AVRON,1034013,2,0,0,0.0,0.0,Paris,11.0,1
202,246,Métro,MAISON BLANCHE,955254,7,0,0,0.0,0.0,Paris,13.0,1
203,256,Métro,MONCEAU,902347,2,0,0,0.0,0.0,Paris,17.0,1
204,257,Métro,SAINT-JACQUES,900155,6,0,0,0.0,0.0,Paris,13.0,1
205,258,Métro,MOUTON-DUVERNET,870679,4,0,0,0.0,0.0,Paris,14.0,1
206,270,Métro,PIERRE CURIE,780043,7,0,0,0.0,0.0,Ivry,0.0,1
207,275,Métro,CITE,741182,4,0,0,0.0,0.0,Paris,4.0,1
208,276,Métro,LIEGE,740144,13,0,0,0.0,0.0,Paris,8.0,1
209,280,Métro,CARDINAL LEMOINE,710141,10,0,0,0.0,0.0,Paris,5.0,1
210,287,Métro,QUAI DE LA RAPEE,525558,5,0,0,0.0,0.0,Paris,12.0,1
211,289,Métro,SAINT-GEORGES,523670,12,0,0,0.0,0.0,Paris,9.0,1
212,13,Métro,HOTEL DE VILLE,5673100,1,11,0,0.0,0.0,Paris,4.0,2
213,296,Métro,CHARDON-LAGACHE,331901,10,0,0,0.0,0.0,Paris,16.0,1
214,18,Métro,MAIRIE DE MONTREUIL,4764601,9,0,0,0.0,0.0,Montreuil,0.0,1
215,303,Métro,PONT CARDINET,112229,14,0,0,0.0,0.0,Paris,17.0,1
216,20,Métro,BOBIGNY-PABLO PICASSO,4752569,5,0,0,0.0,0.0,Bobigny,0.0,1
217,3,RER,CHATELET-LES HALLES-RER,18301464,A,B,0,0.0,0.0,Paris,1.0,2
218,21,Métro,OLYMPIADES,4717069,14,0,0,0.0,0.0,Paris,13.0,1
219,4,RER,LA DEFENSE-RER,16349130,A,0,0,0.0,0.0,Puteaux,0.0,1
220,27,Métro,AUBERVILLIERS-PANTIN-QUATRE CHEMINS,4131018,7,0,0,0.0,0.0,Aubervilliers,0.0,1
221,6,RER,VAL DE FONTENAY,7985198,A,0,0,0.0,0.0,Fontenay-sous-Bois,0.0,1
222,29,Métro,HAVRE-CAUMARTIN,3899956,3,9,0,0.0,0.0,Paris,9.0,2
223,7,RER,MASSY-PALAISEAU,5163200,B,0,0,0.0,0.0,Massy,0.0,1
224,38,Métro,TROCADERO,3618422,6,9,0,0.0,0.0,Paris,16.0,2
225,18,RER,ANTONY,2790880,B,0,0,0.0,0.0,Antony,0.0,1
226,39,Métro,LA COURNEUVE-8 MAI 1945,3611264,7,0,0,0.0,0.0,La Courneuve,0.0,1
227,26,RER,JOINVILLE-LE-PONT,2314407,A,0,0,0.0,0.0,Joinville-le-Pont,0.0,1
228,48,Métro,PORTE D'ORLEANS,3314496,4,0,0,0.0,0.0,Paris,14.0,1
229,30,RER,NANTERRE-UNIVERSITE,2024836,A,0,0,0.0,0.0,Nanterre,0.0,1
230,49,Métro,GAMBETTA,3310515,3,3bis,0,0.0,0.0,Paris,20.0,2
231,34,RER,NOISIEL,1868878,A,0,0,0.0,0.0,Noisiel,0.0,1
232,58,Métro,GEORGE V,2871038,1,0,0,0.0,0.0,Paris,8.0,1
233,35,RER,PORT ROYAL,1824145,B,0,0,0.0,0.0,Paris,5.0,1
234,59,Métro,MARCEL SEMBAT,2845520,9,0,0,0.0,0.0,Boulogne Billancourt,0.0,1
235,38,RER,NOGENT-SUR-MARNE,1703324,A,0,0,0.0,0.0,Nogent-sur-Marne,0.0,1
236,63,Métro,DAUMESNIL,2723508,6,8,0,0.0,0.0,Paris,12.0,2
237,39,RER,FONTENAY-SOUS-BOIS,1586673,A,0,0,0.0,0.0,Fontenay-sous-Bois,0.0,1
238,82,Métro,MAIRIE DES LILAS,2563685,11,0,0,0.0,0.0,Les Lilas,0.0,1
239,46,RER,CHATOU-CROISSY,1230132,A,0,0,0.0,0.0,Chatou,0.0,1
240,84,Métro,PIGALLE,2496923,2,12,0,0.0,0.0,Paris,18.0,2
241,49,RER,LE VESINET-LE PECQ,1156100,A,0,0,0.0,0.0,Le Vésinet,0.0,1
242,88,Métro,ANVERS,2450333,2,0,0,0.0,0.0,Paris,18.0,1
243,57,RER,FONTAINE-MICHALON,425164,B,0,0,0.0,0.0,Antony,0.0,1
244,89,Métro,PORTE DE VERSAILLES,2449859,12,0,0,0.0,0.0,Paris,15.0,1
245,3,Métro,GARE DE LYON,22232810,1,14,A,0.0,0.0,Paris,12.0,3
246,62,RER,GIF-SUR-YVETTE,324780,B,0,0,0.0,0.0,Gif sur Yvette,0.0,1
247,96,Métro,PORTE DE CLICHY,2352078,13,14,0,0.0,0.0,Paris,17.0,2
248,5,Métro,GARE DE L'EST,11715190,4,5,7,0.0,0.0,Paris,10.0,3
249,64,RER,PARC DE SCEAUX,286202,B,0,0,0.0,0.0,Antony,0.0,1
250,105,Métro,SAINT-DENIS-PORTE DE PARIS,2236506,13,0,0,0.0,0.0,Saint Denis,0.0,1
251,7,Métro,LA DEFENSE,8616589,1,0,0,0.0,0.0,Puteaux,0.0,1
252,109,Métro,LES COURTILLES,2194218,13,0,0,0.0,0.0,Asnières sur Seine,0.0,1
253,9,Métro,REPUBLIQUE,6988692,3,5,8,9.0,11.0,Paris,11.0,5
254,123,Métro,PORTE DE LA VILLETTE,1981878,7,0,0,0.0,0.0,Paris,19.0,1
255,12,Métro,BELLEVILLE,5680933,2,11,0,0.0,0.0,Paris,10.0,2
256,133,Métro,DENFERT-ROCHEREAU,1818730,4,6,0,0.0,0.0,Paris,14.0,2
257,30,Métro,REUILLY-DIDEROT,3860750,1,8,0,0.0,0.0,Paris,12.0,2
258,139,Métro,LOUISE MICHEL,1735982,3,0,0,0.0,0.0,Levallois-Perret,0.0,1
259,34,Métro,CHATEAU DE VINCENNES,3735738,1,0,0,0.0,0.0,Vincennes,0.0,1
260,157,Métro,COURONNES,1623475,2,0,0,0.0,0.0,Paris,11.0,1
261,35,Métro,PALAIS-ROYAL,3678654,1,7,0,0.0,0.0,Paris,1.0,2
262,163,Métro,MALAKOFF-PLATEAU DE VANVES,1581749,13,0,0,0.0,0.0,Malakoff,0.0,1
263,36,Métro,PONT DE NEUILLY,3678074,1,0,0,0.0,0.0,Neuilly Sur Seine,0.0,1
264,165,Métro,PORTE DE CHAMPERRET,1576691,3,0,0,0.0,0.0,Paris,17.0,1
265,42,Métro,SAINT-MANDE-TOURELLE,3487584,1,0,0,0.0,0.0,Saint Mandé,0.0,1
266,168,Métro,SAINT-AUGUSTIN,1563979,9,0,0,0.0,0.0,Paris,8.0,1
267,43,Métro,MAIRIE DE MONTROUGE,3456791,4,0,0,0.0,0.0,Montrouge,0.0,1
268,171,Métro,SAINT-AMBROISE,1544174,9,0,0,0.0,0.0,Paris,11.0,1
269,47,Métro,MAIRIE DE CLICHY,3316323,13,0,0,0.0,0.0,Clichy,0.0,1
270,185,Métro,PERNETY,1395770,13,0,0,0.0,0.0,Paris,14.0,1
271,52,Métro,MARCADET-POISSONNIERS,3169019,4,12,0,0.0,0.0,Paris,18.0,2
272,186,Métro,MAISONS-ALFORT-STADE,1393467,8,0,0,0.0,0.0,Maisons -Alfort,0.0,1
273,54,Métro,JAURES,3148221,2,5,7bis,0.0,0.0,Paris,19.0,3
274,187,Métro,RAMBUTEAU,1389112,11,0,0,0.0,0.0,Paris,3.0,1
275,55,Métro,PYRAMIDES,3048580,7,14,0,0.0,0.0,Paris,1.0,2
276,188,Métro,RUE DES BOULETS,1383972,9,0,0,0.0,0.0,Paris,11.0,1
277,61,Métro,COUR SAINT-EMILION,2792734,14,0,0,0.0,0.0,Paris,12.0,1
278,190,Métro,PASSY,1380218,6,0,0,0.0,0.0,Paris,16.0,1
279,66,Métro,INVALIDES,2678838,8,13,0,0.0,0.0,Paris,7.0,2
280,193,Métro,SAINT-PHILIPPE-DU-ROULE,1353374,9,0,0,0.0,0.0,Paris,8.0,1
281,69,Métro,PONT DE SEVRES,2651763,9,0,0,0.0,0.0,Boulogne Billancourt,0.0,1
282,197,Métro,LOUVRE,1328080,1,0,0,0.0,0.0,Paris,1.0,1
283,70,Métro,BIR-HAKEIM,2644407,6,0,0,0.0,0.0,Paris,15.0,1
284,200,Métro,LES AGNETTES,1283180,13,0,0,0.0,0.0,Asnières sur Seine,0.0,1
285,72,Métro,SAINT-DENIS-UNIVERSITE,2626602,13,0,0,0.0,0.0,Saint Denis,0.0,1
286,201,Métro,PORTE DE LA CHAPELLE,1276901,12,0,0,0.0,0.0,Paris,18.0,1
287,77,Métro,HOCHE,2616315,5,0,0,0.0,0.0,Pantin,0.0,1
288,202,Métro,PLACE MONGE,1269871,7,0,0,0.0,0.0,Paris,6.0,1
289,80,Métro,PORTE DE SAINT-CLOUD,2576290,9,0,0,0.0,0.0,Paris,16.0,1
290,208,Métro,BROCHANT,1227003,13,0,0,0.0,0.0,Paris,17.0,1
291,83,Métro,PERE LACHAISE,2503028,2,3,0,0.0,0.0,Paris,20.0,2
292,215,Métro,CARREFOUR PLEYEL,1205747,13,0,0,0.0,0.0,Saint Denis,0.0,1
293,91,Métro,ODEON,2412888,4,10,0,0.0,0.0,Paris,6.0,2
294,226,Métro,CORVISART,1157408,6,0,0,0.0,0.0,Paris,13.0,1
295,94,Métro,COLONEL FABIEN,2378863,2,0,0,0.0,0.0,Paris,10.0,1
296,233,Métro,IENA,1093805,9,0,0,0.0,0.0,Paris,16.0,1
297,102,Métro,PORTE DE BAGNOLET,2244934,3,0,0,0.0,0.0,Paris,20.0,1
298,241,Métro,VAVIN,1009201,4,0,0,0.0,0.0,Paris,14.0,1
299,103,Métro,LE KREMLIN-BICETRE,2244686,7,0,0,0.0,0.0,Kremlin-Bicêtre,0.0,1
300,247,Métro,QUATRE-SEPTEMBRE,938821,3,0,0,0.0,0.0,Paris,2.0,1
301,116,Métro,MAIRIE D'ISSY,2083392,12,0,0,0.0,0.0,Issy Les Moulineaux,0.0,1
302,251,Métro,SEVRES-LECOURBE,923347,6,0,0,0.0,0.0,Paris,15.0,1
303,124,Métro,DUROC,1972711,10,13,0,0.0,0.0,Paris,7.0,2
304,260,Métro,ABBESSES,854658,12,0,0,0.0,0.0,Paris,18.0,1
305,126,Métro,CHEVALERET,1923876,6,0,0,0.0,0.0,Paris,13.0,1
306,264,Métro,AVENUE EMILE ZOLA,823178,10,0,0,0.0,0.0,Paris,15.0,1
307,132,Métro,GONCOURT,1829817,11,0,0,0.0,0.0,Paris,11.0,1
308,267,Métro,MONTGALLET,804190,8,0,0,0.0,0.0,Paris,12.0,1
309,134,Métro,CHARONNE,1815517,9,0,0,0.0,0.0,Paris,12.0,1
310,269,Métro,FILLES DU CALVAIRE,784137,8,0,0,0.0,0.0,Paris,3.0,1
311,144,Métro,SAINT-GERMAIN DES PRES,1712923,4,0,0,0.0,0.0,Paris,6.0,1
312,274,Métro,TRINITE-D'ESTIENNE D'ORVES,757661,12,0,0,0.0,0.0,Paris,9.0,1
313,146,Métro,TERNES,1703632,2,0,0,0.0,0.0,Paris,17.0,1
314,281,Métro,CHEMIN VERT,685924,8,0,0,0.0,0.0,Paris,11.0,1
315,151,Métro,JOURDAIN,1683473,11,0,0,0.0,0.0,Paris,20.0,1
316,284,Métro,PONT NEUF,605030,7,0,0,0.0,0.0,Paris,4.0,1
317,176,Métro,PARMENTIER,1499805,3,0,0,0.0,0.0,Paris,11.0,1
318,290,Métro,KLEBER,513955,6,0,0,0.0,0.0,Paris,16.0,1
319,195,Métro,SAINT-MAUR,1331250,3,0,0,0.0,0.0,Paris,11.0,1
320,294,Métro,ASSEMBLEE NATIONALE,395997,12,0,0,0.0,0.0,Paris,7.0,1
321,199,Métro,LAMARCK-CAULAINCOURT,1283881,12,0,0,0.0,0.0,Paris,18.0,1
322,297,Métro,BOLIVAR,278933,7bis,0,0,0.0,0.0,Paris,19.0,1
323,204,Métro,CADET,1240692,7,0,0,0.0,0.0,Paris,9.0,1
324,298,Métro,DANUBE,266623,7bis,0,0,0.0,0.0,Paris,19.0,1
325,212,Métro,SAINT-MARCEL,1211679,5,0,0,0.0,0.0,Paris,13.0,1
326,300,Métro,BUTTES-CHAUMONT,242027,7bis,0,0,0.0,0.0,Paris,19.0,1
327,213,Métro,CRETEIL-L'ECHAT,1209224,8,0,0,0.0,0.0,Créteil,0.0,1
328,302,Métro,PELLEPORT,178325,3bis,0,0,0.0,0.0,Paris,20.0,1
329,223,Métro,NOTRE-DAME-DE-LORETTE,1176983,12,0,0,0.0,0.0,Paris,9.0,1
330,8,RER,NOISY-LE-GRAND-MONT D'EST,4492037,A,0,0,0.0,0.0,Noisy-le-Grand,0.0,1
331,228,Métro,PORTE DE CHARENTON,1146232,8,0,0,0.0,0.0,Paris,12.0,1
332,13,RER,NEUILLY-PLAISANCE,3726798,A,0,0,0.0,0.0,Neuilly-sur-Seine,0.0,1
333,236,Métro,EXELMANS,1055609,9,0,0,0.0,0.0,Paris,16.0,1
334,15,RER,NOISY-CHAMPS,3393192,A,0,0,0.0,0.0,Champs-sur-Marne,0.0,1
335,240,Métro,EDGAR QUINET,1011168,6,0,0,0.0,0.0,Paris,14.0,1
336,19,RER,SAINT-MICHEL-NOTRE-DAME,2716148,B,0,0,0.0,0.0,Paris,0.0,1
337,243,Métro,BREGUET-SABIN,1003059,5,0,0,0.0,0.0,Paris,11.0,1
338,23,RER,BOURG-LA-REINE,2409369,B,0,0,0.0,0.0,Bourg la Reine,0.0,1
339,245,Métro,LA TOUR-MAUBOURG,965136,8,0,0,0.0,0.0,Paris,7.0,1
340,32,RER,ARCUEIL-CACHAN,1900758,B,0,0,0.0,0.0,Arcueil,0.0,1
341,250,Métro,SOLFERINO,923536,12,0,0,0.0,0.0,Paris,7.0,1
342,36,RER,LA CROIX DE BERNY,1799762,B,0,0,0.0,0.0,Antony,0.0,1
343,255,Métro,MAISONS-ALFORT-LES JUILLIOTTES,905627,8,0,0,0.0,0.0,Maisons -Alfort,0.0,1
344,42,RER,ORSAY-VILLE,1383444,B,0,0,0.0,0.0,Orsay,0.0,1
345,265,Métro,SAINT-SEBASTIEN-FROISSART,816381,8,0,0,0.0,0.0,Paris,3.0,1
346,50,RER,LES BACONNETS,1098252,B,0,0,0.0,0.0,Antony,0.0,1
347,266,Métro,SAINT-FRANCOIS-XAVIER,812792,13,0,0,0.0,0.0,Paris,7.0,1
348,52,RER,LE VESINET-CENTRE,760964,A,0,0,0.0,0.0,Le Vésinet,0.0,1
349,272,Métro,EUROPE,769896,3,0,0,0.0,0.0,Paris,8.0,1
350,53,RER,FONTENAY-AUX-ROSES,665966,B,0,0,0.0,0.0,Fontenay aux roses,0.0,1
351,273,Métro,SULLY-MORLAND,767233,7,0,0,0.0,0.0,Paris,4.0,1
352,54,RER,PALAISEAU,518346,B,0,0,0.0,0.0,Palaiseau,0.0,1
353,285,Métro,PICPUS,595063,6,0,0,0.0,0.0,Paris,12.0,1
354,58,RER,LE GUICHET,389736,B,0,0,0.0,0.0,Orsay,0.0,1
355,295,Métro,SAINT-FARGEAU,339164,3bis,0,0,0.0,0.0,Paris,8.0,1
356,63,RER,MASSY-VERRIERES,296614,B,0,0,0.0,0.0,Massy,0.0,1
357,10,RER,CHARLES DE GAULLE-ETOILE-RER,4070214,A,0,0,0.0,0.0,Paris,17.0,1
358,11,RER,AUBER,3956779,A,0,0,0.0,0.0,Paris,9.0,1
359,14,RER,RUEIL-MALMAISON,3408182,A,0,0,0.0,0.0,Rueil-Malmaison,0.0,1
360,20,RER,SAINT-GERMAIN-EN-LAYE,2644464,A,0,0,0.0,0.0,Saint-Germain-en-Laye,0.0,1
361,22,RER,TORCY,2448031,A,0,0,0.0,0.0,Torcy,0.0,1
362,24,RER,DENFERT-ROCHEREAU-RER,2351759,B,0,0,0.0,0.0,Paris,14.0,1
363,27,RER,CHAMPIGNY,2209619,A,0,0,0.0,0.0,Saint-Maur des Fossés,0.0,1
364,29,RER,SAINT-MAUR-CRETEIL,2151064,A,0,0,0.0,0.0,Saint-Maur des Fossés,0.0,1
365,40,RER,SUCY-BONNEUIL,1546784,A,0,0,0.0,0.0,Sucy-en-Brie,0.0,1
366,45,RER,LE PARC DE SAINT-MAUR,1240624,A,0,0,0.0,0.0,Saint-Maur des Fossés,0.0,1
367,47,RER,LA VARENNE-CHENNEVIERES,1209310,A,0,0,0.0,0.0,saint-Maur des Fossés,0.0,1
368,56,RER,PALAISEAU-VILLEBON,444921,B,0,0,0.0,0.0,Palaiseau,0.0,1
369,60,RER,SCEAUX,358354,B,0,0,0.0,0.0,sceaux,0.0,1
370,65,RER,COURCELLE-SUR-YVETTE,280118,B,0,0,0.0,0.0,Gif sur Yvette,0.0,1
